Tiempo_Envio,Terminal_Origen,Terminal_Destino,Tiempo_Recibido,Retardo,Dato
125.0,1,3,335.0,210.0,3fa
225.0,2,3,535.0,310.0,3c2
195.0,3,0,735.0,540.0,84
195.0,0,3,935.0,740.0,326
365.0,1,0,1135.0,770.0,f0
565.0,2,1,1335.0,770.0,1df
965.0,0,2,1735.0,770.0,20c
1165.0,1,2,1935.0,770.0,254
1365.0,2,1,2135.0,770.0,1df
1565.0,3,2,2335.0,770.0,276
1765.0,0,3,2535.0,770.0,32a
1965.0,1,0,2735.0,770.0,ff28
1965.0,1,2,2735.0,770.0,ff28
1965.0,1,3,2735.0,770.0,ff28
2165.0,2,3,2935.0,770.0,331
2365.0,3,1,3135.0,770.0,132
2565.0,0,1,3335.0,770.0,ff7f
2565.0,0,2,3335.0,770.0,ff7f
2565.0,0,3,3335.0,770.0,ff7f
2765.0,1,0,3535.0,770.0,cc
2965.0,2,0,3735.0,770.0,1c
3165.0,3,0,3935.0,770.0,17
3365.0,0,3,4135.0,770.0,396
3565.0,1,0,4335.0,770.0,5b
3765.0,2,0,4535.0,770.0,e0
3965.0,3,0,4735.0,770.0,ff33
3965.0,3,1,4735.0,770.0,ff33
3965.0,3,2,4735.0,770.0,ff33
4165.0,0,3,4935.0,770.0,379
4365.0,1,3,5135.0,770.0,3cf
4765.0,3,2,5535.0,770.0,275
4965.0,0,3,5735.0,770.0,397
5165.0,1,3,5935.0,770.0,35c
5365.0,2,1,6135.0,770.0,1e6
5565.0,3,0,6335.0,770.0,44
5965.0,1,0,6735.0,770.0,e
6165.0,2,1,6935.0,770.0,18a
6365.0,3,0,7135.0,770.0,ffe1
6365.0,3,1,7135.0,770.0,ffe1
6365.0,3,2,7135.0,770.0,ffe1
6565.0,0,3,7335.0,770.0,3d4
6765.0,1,0,7535.0,770.0,ffc9
6765.0,1,2,7535.0,770.0,ffc9
6765.0,1,3,7535.0,770.0,ffc9
6965.0,2,1,7735.0,770.0,1b1
7365.0,0,2,8135.0,770.0,2d0
7565.0,1,3,8335.0,770.0,35b
8165.0,0,2,8565.0,400.0,2f2
8595.0,0,3,8995.0,400.0,339
9025.0,0,1,9425.0,400.0,fffb
9025.0,0,2,9425.0,400.0,fffb
9025.0,0,3,9425.0,400.0,fffb
9225.0,1,0,9625.0,400.0,bc
