Tiempo_Envio,Terminal_Origen,Terminal_Destino,Tiempo_Recibido,Retardo
85.00,0,4,355.00,270.00
385.00,0,1,645.00,260.00
675.00,0,1,935.00,260.00
965.00,0,5,1225.00,260.00
1255.00,0,1,1515.00,260.00
1545.00,0,5,1805.00,260.00
1835.00,0,2,2095.00,260.00
2125.00,0,2,2385.00,260.00
2415.00,0,1,2675.00,260.00
2705.00,0,1,2965.00,260.00
2995.00,0,3,3255.00,260.00
3285.00,0,4,3545.00,260.00
3575.00,0,2,3835.00,260.00
3865.00,0,1,4125.00,260.00
4155.00,0,2,4415.00,260.00
4445.00,0,4,4705.00,260.00
4735.00,0,4,4995.00,260.00
5025.00,0,1,5285.00,260.00
5315.00,0,4,5575.00,260.00
5605.00,0,5,5865.00,260.00
